No,Keyword,Search Intent,Search Volume,CPC,Paid Difficulty,SEO Difficulty
1,"roller rinks",null,"33,100","$0.64","4","57"
2,"roller rink","navigational","33,100","$0.67","3","58"
3,"rolling rinks near me","navigational","60,500","$0.52","8","57"
4,"roller rink new york",null,"8,100","$3.62","4","9"
5,"roller rink florham park","commercial, navigational","4,400","$0.00","1","40"
6,"ringer's roller rink","navigational, commercial","3,600","$1.10","7","28"
7,"roller rink las vegas","navigational, commercial","3,600","$2.13","12","38"
8,"roller rink dallas","navigational, commercial","3,600","$2.68","3","38"
9,"roller rink in las vegas",null,"3,600","$1.20","12","10"
10,"roller rinks las vegas","navigational, commercial","2,900","$6.21","11","4"
11,"roller rink brooklyn","navigational, commercial","2,900","$0.34","6","38"
12,"roller rink in brooklyn","navigational, commercial","2,900","$0.54","8","39"
13,"roller rinks houston",null,"1,900","$0.00","2","14"
14,"roller rinks in houston","navigational, commercial","1,600","$1.48","4","37"
15,"roller rink tampa",null,"1,600","$0.35","17","19"
16,"roller rink houston","navigational, commercial","1,600","$1.96","4","36"
17,"roller rink in nj","navigational, commercial","1,600","$0.42","2","47"
18,"roller rink in los angeles",null,"1,600","$0.00","1","6"
19,"roller rink phoenix","navigational, commercial","1,600","$0.63","28","25"
20,"roller rink raleigh","navigational, commercial","1,600","$0.00","1","25"
21,"roller rink glendale","navigational, commercial","1,300","$0.14","1","48"
22,"lynwood roller rink","navigational, commercial","1,300","$0.00","1","34"
23,"roller rink el paso","navigational, commercial","1,300","$1.40","1","16"
24,"roller rink minneapolis","navigational, commercial","1,300","$1.58","2","32"
25,"roller rink okc","navigational, commercial","1,300","$0.70","5","39"
26,"roller rink portland","navigational, commercial","1,300","$5.80","11","45"
27,"roller rink san jose","navigational, commercial","1,300","$0.95","6","25"
28,"roller rink fresno","navigational, commercial","1,000","$0.48","10","33"
29,"roller skating 80s","commercial, navigational","1,000","$0.20","45","29"
30,"roller rink lewisville","navigational, commercial","1,000","$4.04","5","28"
31,"roller rink santa cruz","navigational, commercial","1,000","$0.98","1","32"
32,"roller rink el paso tx",null,"1,000","$0.00","4","7"
33,"roller rink indianapolis","navigational, commercial","1,000","$1.06","25","38"
34,"roller rink jackson nj","navigational, commercial","880","$0.42","14","24"
35,"roller rink tulsa","navigational, commercial","880","$0.61","11","16"
36,"roller skating 4 wheels",null,"880","$0.52","91","33"
37,"roller rink columbus ohio","navigational, commercial","880","$1.07","16","24"
38,"roller skating raleigh","commercial, navigational","880","$0.73","13","23"
39,"roller rink st louis","navigational, commercial","880","$1.57","8","28"
40,"roller rink fountain valley",null,"720","$1.84","3","6"
41,"roller rink nashville","navigational, commercial","720","$0.96","6","34"
42,"roller rinks in new jersey","navigational, commercial","720","$0.23","2","39"
43,"roller skating rochester ny","commercial, navigational","720","$0.00","6","27"
44,"roller rink sacramento","navigational, commercial","720","$1.62","7","34"
45,"roller rink plano","navigational, commercial","590","$0.42","4","29"
46,"roller rink prices","commercial, navigational","590","$0.18","3","37"
47,"roller skating richmond va","commercial, navigational","590","$1.55","4","48"
48,"roller rink for sale","transactional, navigational","590","$0.66","7","16"
49,"roller rink in mundelein","navigational, commercial","590","$0.00","1","27"
50,"roller rink philadelphia","navigational, commercial","590","$0.54","13","32"
51,"roller rink fort myers","navigational, commercial","480","$1.59","2","21"
52,"roller rink katy","navigational, commercial","480","$2.02","1","32"
53,"roller rink san antonio","navigational, commercial","480","$0.70","7","36"
54,"roller rink tucson","navigational, commercial","480","$0.00","7","38"
55,"roller skating 1970","transactional, commercial","480","$0.07","87","40"
56,"roller skating rhode island","commercial, navigational","480","$0.65","15","33"
57,"roller skating riverside","commercial, navigational","480","$3.01","7","38"
58,"roller rink miami","navigational, commercial","480","$0.34","14","27"
59,"roller rink seattle","navigational, commercial","480","$1.65","2","36"
60,"roller skate 1970","transactional","480","$0.12","61","28"
61,"roller rink for adults","transactional, navigational, commercial","480","$1.64","3","6"
62,"roller rink atlanta","navigational, commercial","480","$1.19","7","39"
63,"roller rink ct","navigational, commercial","480","$1.23","2","31"
64,"roller rink detroit","navigational, commercial","480","$0.82","6","27"
65,"roller rink long island","navigational, commercial","480","$0.20","9","42"
66,"roller rink rental","navigational, commercial","480","$2.31","4","39"
67,"roller rink skates","navigational, transactional","390","$0.51","90","41"
68,"roller skating 1980s","commercial, transactional","390","$0.14","72","27"
69,"roller skating roseville","commercial, navigational","390","$0.00","3","49"
70,"roller rink usa","navigational, commercial","390","$0.00","4","29"
71,"roller skate 2 wheels","transactional","390","$0.23","62","30"
72,"roller rink boston","navigational, commercial","390","$0.40","9","37"
73,"roller rink denver","navigational, commercial","390","$1.25","17","31"
74,"roller rink lancaster pa","navigational, commercial","390","$0.85","6","26"
75,"roller rink nearby",null,"390","$0.00","3","14"
76,"roller rink pittsburgh","navigational, commercial","390","$0.96","2","18"
77,"roller rink reno","navigational, commercial","390","$0.00","3","32"
78,"roller rink long beach","navigational, commercial","320","$1.17","6","28"
79,"roller skating queens","commercial, navigational","320","$0.26","12","45"
80,"roller rink santa maria",null,"320","$0.00","1","5"
81,"roller rink birthday party","transactional, commercial","320","$1.94","16","26"
82,"roller rink bay area","navigational, commercial","320","$1.96","2","34"
83,"roller rink baltimore","navigational, commercial","320","$0.00","5","26"
84,"roller rink dc","navigational, commercial","320","$1.78","4","38"
85,"roller rink murrieta","navigational, commercial","320","$0.00","1","30"
86,"roller rink queens","navigational, commercial","260","$0.52","10","34"
87,"roller rink temecula","navigational, commercial","260","$0.40","3","28"
88,"roller rinks in michigan","navigational, commercial","260","$0.64","3","50"
89,"roller rinks illinois","navigational, commercial","260","$0.36","1","19"
90,"roller rink chagrin falls",null,"260","$0.00","3","6"
91,"roller rinks ohio","navigational, commercial","260","$0.64","3","48"
92,"roller skating quotes","informational","260","$0.00","1","24"
93,"roller skating xbox game","transactional, commercial","260","$0.02","1","40"
94,"71st skating rink","navigational, commercial","260","$0.00","1","25"
95,"roller rink antioch","navigational, commercial","260","$0.73","3","27"
96,"roller rink burlington","navigational, commercial","260","$0.96","5","35"
97,"roller rink illinois","navigational, commercial","260","$1.13","3","45"
98,"roller rink lombard","navigational, commercial","260","$0.00","1","27"
99,"roller rink madison","navigational, commercial","260","$0.71","5","31"
100,"roller rink near me open","navigational","260","$0.88","7","48"
101,"roller rink orlando","navigational, commercial","260","$0.00","2","28"
102,"roller rink san francisco","navigational, commercial","260","$1.12","2","35"
103,"roller rink minnesota",null,"260","$0.00","1","14"
104,"roller rink aurora","navigational, commercial","210","$0.00","2","21"
105,"roller rink floor","navigational, commercial","210","$1.67","22","13"
106,"roller rink fort collins","navigational, commercial","210","$0.00","2","34"
107,"roller rink holland mi","navigational, commercial","210","$0.00","2","26"
108,"roller rinks cincinnati","navigational, commercial","210","$0.71","8","33"
109,"roller skating 70s","commercial","210","$0.04","72","29"
110,"roller skating 80s music","commercial","210","$0.00","1","31"
111,"roller rinks california","navigational, commercial","210","$0.00","1","58"
112,"roller rink derby",null,"210","$0.00","1","13"
113,"roller rinks in massachusetts","navigational, commercial","210","$0.51","8","42"
114,"roller rink riverside","navigational, commercial","210","$1.14","9","39"
115,"roller rinks wisconsin","navigational, commercial","210","$1.41","1","42"
116,"roller skate 2 in 1","transactional","210","$0.30","73","26"
117,"roller rink cleveland","navigational, commercial","210","$0.21","6","36"
118,"roller rink fort worth","navigational, commercial","210","$1.08","5","28"
119,"roller rink high point nc","commercial, navigational","210","$0.22","2","23"
120,"roller rink milwaukee","navigational, commercial","210","$1.19","5","26"
121,"roller rink near me open now","navigational","210","$0.72","11","50"
122,"roller rink spokane","navigational, commercial","210","$1.59","3","36"
123,"roller rink fox lake",null,"170","$0.00","1","5"
124,"roller rink tacoma","navigational, commercial","170","$0.84","6","22"
125,"roller rink anderson","navigational, commercial","170","$0.00","1","36"
126,"roller rinks louisville ky","navigational, commercial","170","$0.82","5","34"
127,"roller rinks colorado",null,"170","$0.00","1","13"
128,"roller rink cincinnati","navigational, commercial","170","$0.09","9","32"
129,"roller rink open near me","navigational","170","$0.87","7","53"
130,"roller skate quads",null,"170","$0.52","88","40"
131,"roller rink roseville","navigational, commercial","170","$0.00","1","53"
132,"roller rink rochester ny","navigational, commercial","170","$0.68","1","23"
133,"roller rink san angelo","navigational, commercial","140","$0.00","1","27"
134,"roller rink crystal lake","navigational, commercial","140","$0.00","1","40"
135,"roller rink hours","navigational","140","$0.45","3","35"
136,"roller rink jacksonville fl","commercial, navigational","140","$1.33","12","28"
137,"roller rink kapolei","commercial, navigational","140","$0.00","1","30"
138,"roller rink lubbock","navigational, commercial","140","$0.00","6","28"
139,"roller rink party","navigational, commercial","140","$0.84","9","23"
140,"roller rink virginia beach","navigational, commercial","140","$0.00","1","31"
141,"roller rinks in maine","navigational, commercial","140","$0.00","1","31"
142,"roller rinks open today",null,"140","$0.00","9","8"
143,"skating rink 87th","navigational, commercial","140","$0.84","4","26"
144,"skating rink queens","navigational, commercial","140","$0.70","5","32"
145,"roller rink richmond va","navigational, commercial","140","$2.69","5","42"
146,"roller rink grand rapids","navigational, commercial","110","$0.00","1","31"
147,"roller rink downtown summerlin","navigational, commercial","110","$0.00","1","20"
148,"roller rink escondido","navigational, commercial","110","$0.00","1","17"
149,"roller rink farmington nm","navigational, commercial","110","$0.00","1","24"
150,"roller rink songs","navigational, informational","110","$0.00","1","30"
151,"roller rink richland wa",null,"110","$0.00","1","6"
152,"roller skate 80s","commercial, transactional","110","$0.32","54","29"
153,"roller rink alexandria va","navigational, commercial","110","$0.00","4","24"
154,"roller rink boise","navigational, commercial","110","$0.00","1","28"
155,"roller rink dimensions","commercial, transactional","110","$0.00","1","29"
156,"roller rink irvine","navigational, commercial","110","$0.00","1","62"
157,"roller rink odessa tx","navigational, commercial","110","$3.25","11","26"
158,"roller rink oakland","navigational, commercial","110","$0.00","4","33"
159,"roller rink pasadena","navigational, commercial","110","$0.00","2","30"
160,"roller rink fayetteville nc",null,"110","$0.00","14","10"
161,"roller rink richland center wi",null,"110","$0.00","1","5"
162,"roller rink newark ohio",null,"110","$0.00","1","5"
163,"roller rink durham","navigational, commercial","90","$1.44","19","30"
164,"roller rink disco","navigational, commercial","90","$0.00","2","46"
165,"roller rink eugene","navigational, commercial","90","$0.00","2","38"
166,"roller rink lincoln ne","navigational, commercial","90","$0.00","5","28"
167,"roller rink ventura","navigational, commercial","90","$0.00","1","23"
168,"roller rink winchester va","commercial, navigational","90","$0.00","1","25"
169,"roller rink york pa","commercial, navigational","90","$0.00","1","27"
170,"roller rink greenville sc",null,"90","$0.00","12","9"
171,"roller rink bushwick","navigational, commercial","90","$0.00","1","35"
172,"roller rink new orleans","navigational, commercial","90","$1.46","6","45"
173,"roller rink outfits","commercial, transactional","90","$0.00","8","30"
174,"roller rink rental near me","navigational, commercial","90","$1.00","9","46"
175,"roller rink charleston sc","navigational, commercial","70","$0.16","6","22"
176,"roller rink green bay","navigational, commercial","70","$0.00","1","28"
177,"roller rink knoxville tn",null,"70","$0.00","1","6"
178,"roller skating 101","navigational, transactional, commercial","70","$0.00","1","30"
179,"roller rinks in my area","navigational","70","$0.63","5","54"
180,"roller skating 90s","commercial, navigational","70","$0.00","26","31"
181,"roller rink hermiston","navigational, commercial","70","$0.00","1","26"
182,"roller rink ottawa","navigational, commercial","70","$0.00","3","17"
183,"skating rink 280","navigational, commercial","70","$0.00","1","39"
184,"skating rink 76th racine","navigational, commercial","70","$0.34","9","24"
185,"roller rink appleton","navigational, commercial","70","$0.00","5","34"
186,"roller rink anchorage","navigational, commercial","70","$0.00","1","23"
187,"roller rink ann arbor","navigational, commercial","70","$0.66","11","36"
188,"roller rink colorado springs","navigational, commercial","70","$4.69","12","26"
189,"roller rink kansas city","navigational, commercial","70","$0.00","7","47"
190,"roller rink lynnwood","navigational, commercial","70","$0.00","1","40"
191,"roller rink music","navigational, commercial","70","$0.00","1","31"
192,"roller rink mission viejo","commercial, navigational","70","$0.00","1","27"
193,"roller rink open now","navigational, commercial","70","$0.78","10","55"
194,"roller rink racine",null,"70","$0.00","1","13"
195,"roller rink elk grove","navigational, commercial","50","$0.00","5","26"
196,"roller rink eau claire","navigational, commercial","50","$0.00","1","22"
197,"roller rink jacksonville nc",null,"50","$0.00","1","5"
198,"roller rink jobs","navigational","50","$0.00","2","11"
199,"roller rink usa photos","transactional, navigational","50","$0.00","1","31"
200,"roller skating 1960s","commercial, transactional","50","$0.01","38","30"
201,"roller rink at downtown summerlin",null,"50","$0.00","10","9"
202,"roller rink federal way","navigational, commercial","50","$0.00","1","22"
203,"roller rink south amboy","commercial, navigational","50","$0.00","1","28"
204,"roller rinks toronto",null,"50","$0.00","4","15"
205,"roller rink asheville","navigational, commercial","50","$0.00","4","24"
206,"roller rink conroe",null,"50","$0.00","1","13"
207,"roller rink franchise","navigational, commercial","50","$0.00","8","19"
208,"roller rink frisco","navigational, commercial","50","$1.20","7","23"
209,"roller rink hawaii","navigational, commercial","50","$0.00","1","31"
210,"roller rink movie","commercial, navigational","50","$0.00","1","29"
211,"roller rink omaha","navigational, commercial","50","$0.00","1","26"
212,"roller rink oceanside","navigational, commercial","50","$0.00","3","27"
213,"skating rink quincy","navigational, commercial","50","$0.00","1","31"
214,"roller rink rochester mn","navigational, commercial","50","$0.00","2","20"
215,"roller rink santa clarita","commercial, navigational","50","$0.00","1","21"
216,"xanadu roller rink nyc","commercial, navigational","50","$0.00","1","25"
217,"skating rink zanesville ohio","navigational, commercial","50","$0.00","1","26"
218,"roller rink songs 90s","informational","40","$0.00","1","30"
219,"roller rink downtown","navigational, commercial","40","$0.00","1","35"
220,"roller rink eau claire wi","commercial, navigational","40","$0.00","1","22"
221,"roller rink games","navigational, commercial","40","$0.00","1","11"
222,"roller rink usa reviews","transactional","40","$0.00","1","30"
223,"roller rink vancouver wa","navigational, commercial","40","$0.00","3","27"
224,"roller rink vernal utah","navigational, commercial","40","$0.00","1","26"
225,"roller rink white center",null,"40","$0.00","1","6"
226,"roller rinks open","navigational, commercial","40","$0.00","5","54"
227,"roller rink fond du lac",null,"40","$0.00","1","5"
228,"roller skating xanadu","commercial, navigational","40","$0.00","1","37"
229,"roller skating zanesville ohio","commercial, navigational","40","$0.00","1","26"
230,"roller rink stamford ct","commercial, navigational","40","$0.00","3","28"
231,"roller rink kalamazoo","navigational, commercial","40","$0.00","1","23"
232,"roller rink merced","navigational, commercial","40","$0.00","1","29"
233,"roller rink maine","navigational, commercial","40","$0.00","1","16"
234,"roller rink naperville","navigational, commercial","40","$0.42","12","39"
235,"roller rink near ne","navigational, commercial","40","$0.00","3","47"
236,"roller rink ottawa il","navigational, commercial","40","$0.00","1","26"
237,"roller rink roselle",null,"40","$0.00","1","13"
238,"roller rink twin cities","navigational, commercial","40","$0.00","2","38"
239,"roller rink vegas","navigational, commercial","40","$0.00","5","37"
240,"roller rink vancouver","navigational, commercial","40","$0.00","1","30"
241,"roller rink denton","navigational, commercial","30","$0.00","3","28"
242,"roller rink des moines",null,"30","$0.00","1","5"
243,"roller rink erie pa","navigational, commercial","30","$0.00","1","34"
244,"roller rink fort wayne",null,"30","$0.00","1","5"
245,"roller rink grand junction","navigational, commercial","30","$2.58","1","18"
246,"roller rink greensboro nc","navigational, commercial","30","$0.00","10","24"
247,"roller rink greenport","navigational, commercial","30","$0.00","1","27"
248,"roller rink gif","navigational","30","$0.00","1","27"
249,"roller rink honolulu","navigational, commercial","30","$0.00","1","27"
250,"roller rink jersey city","navigational, commercial","30","$0.00","2","24"
251,"roller rink kendall","commercial, transactional, navigational","30","$0.05","24","29"
252,"roller rink kaleidoscope","navigational, commercial","30","$0.00","1","28"
253,"roller rink portage","navigational, commercial","30","$0.00","1","27"
254,"roller rink washington","navigational, commercial","30","$0.00","1","53"
255,"roller rink washington nj",null,"30","$0.00","1","5"
256,"roller skating 1950s","commercial","30","$0.00","1","30"
257,"roller rinks near me within 20 mi","transactional","30","$0.00","7","51"
258,"roller rink dublin","navigational, commercial","30","$0.00","1","39"
259,"roller rink great falls","commercial, navigational","30","$0.00","1","24"
260,"roller rink hagerstown md","navigational, commercial","30","$0.00","4","42"
261,"roller rink jefferson city","navigational, commercial","30","$0.00","1","25"
262,"roller rink liverpool","navigational, commercial","30","$0.00","1","13"
263,"roller rink lemon grove","navigational, commercial","30","$0.00","1","27"
264,"roller rink purcellville",null,"30","$0.00","1","13"
265,"roller rink peoria il","navigational, commercial","30","$0.00","1","31"
266,"roller rink wichita ks","navigational, commercial","30","$0.00","5","30"
267,"roller skating xtreme action park","commercial, navigational","30","$0.05","1","40"
268,"roller skating x games","commercial, navigational","30","$0.06","6","32"
269,"roller rink elyria",null,"30","$0.00","1","13"
270,"roller rinks close to me",null,"30","$0.00","10","9"
271,"roller skate 3d model","transactional","30","$0.00","2","22"
272,"roller rink 80s","navigational, commercial","30","$0.00","1","30"
273,"roller rink arcade","navigational, commercial","30","$0.00","4","36"
274,"roller rink burnsville","navigational, commercial","30","$0.00","1","27"
275,"roller rink bellingham","navigational, commercial","30","$0.11","4","18"
276,"roller rink clovis","navigational, commercial","30","$0.26","5","37"
277,"roller rink cherry hill","navigational, commercial","30","$0.00","1","27"
278,"roller rink hyde park","navigational, commercial","30","$0.00","1","5"
279,"roller rink little rock",null,"30","$0.00","1","5"
280,"roller rink oaks park","navigational, commercial","30","$0.36","16","36"
281,"roller rink palm springs","navigational, commercial","30","$0.00","1","32"
282,"skating rink queen creek","navigational, commercial","30","$0.34","20","36"
283,"roller rink rhode island","navigational, commercial","30","$0.14","8","42"
284,"roller rink the woodlands","navigational, commercial","30","$0.10","4","34"
285,"roller rink utah","navigational, commercial","30","$0.00","1","13"
286,"roller rink wilmington nc",null,"30","$0.00","1","5"
287,"roller rink waukesha","navigational, commercial","30","$0.00","1","26"
288,"roller rink lexington ky",null,"30","$0.00","5","7"
289,"roller rink bakersfield",null,"30","$0.00","13","17"
290,"roller rink great falls mt",null,"20","$0.00","1","5"
291,"roller rink jackson",null,"20","$0.00","12","17"
292,"roller rink usa san angelo",null,"20","$0.00","1","5"
293,"roller rink fayetteville ar",null,"20","$0.00","1","5"
294,"roller rink hemet",null,"20","$0.00","1","13"
295,"roller rink lapeer",null,"20","$0.00","1","13"
296,"roller rink princeton mn",null,"20","$0.00","1","5"
297,"roller skating quotes for instagram",null,"20","$0.00","1","5"
298,"roller rinks calgary",null,"20","$0.00","5","15"
299,"roller rinks sacramento",null,"20","$0.00","7","16"
300,"roller rink with bar",null,"20","$0.00","10","9"
301,"roller skating rink 80s",null,"20","$0.00","1","5"
302,"roller rink jefferson city mo",null,"20","$0.00","1","5"
303,"roller rink watertown",null,"20","$0.00","1","13"
304,"roller rink grand prairie",null,"20","$0.00","5","7"
305,"roller rink richland center",null,"20","$0.00","1","5"
306,"roller rinks ontario",null,"20","$0.00","1","14"
307,"roller skate 3 in 1 lego",null,"20","$0.18","89","32"
308,"roller rink fargo",null,"20","$0.00","1","13"
309,"roller rink las cruces",null,"20","$0.00","1","5"
310,"roller rink rockford il",null,"20","$0.00","1","5"
311,"roller rink times",null,"20","$0.00","1","14"
312,"roller rink waterbury ct",null,"20","$0.00","1","5"
313,"roller rink la crosse wi",null,"20","$0.00","1","5"
314,"roller rink medford oregon",null,"20","$0.00","1","6"
315,"roller rink pensacola",null,"20","$0.00","1","13"
316,"roller rink cda",null,"20","$0.00","1","13"
317,"roller rink traverse city",null,"20","$0.00","10","9"
318,"roller rink chino",null,"20","$0.00","2","14"
319,"roller rink burlington wi",null,"20","$0.00","1","5"
320,"roller rink holland",null,"20","$0.00","1","13"
321,"roller rink princeton",null,"20","$0.00","1","13"
322,"roller rink torrance",null,"20","$0.00","2","14"
323,"roller rink 90s",null,"10","$0.00","1","13"
324,"roller rink jacksonville",null,"10","$0.00","2","14"
325,"roller rink kennewick",null,"10","$0.00","1","13"
326,"roller rink township",null,"10","$0.00","1","14"
327,"roller rink yakima",null,"10","$0.00","1","13"
328,"roller skating 2024",null,"10","$0.00","1","13"
329,"roller rink sims 4",null,"10","$0.00","1","5"
330,"roller skating 80s night",null,"10","$0.00","1","5"
331,"roller skating quotes short",null,"10","$0.00","1","5"
332,"roller skating zurich",null,"10","$0.00","1","13"
333,"roller skating zombie",null,"10","$0.00","1","13"
334,"roller rink trafford centre",null,"10","$0.00","1","5"
335,"roller rink london ontario",null,"10","$0.00","1","5"
336,"roller rink at discovery green",null,"10","$0.00","1","5"
337,"roller rinks sydney",null,"10","$0.00","1","13"
338,"roller rink durban",null,"10","$0.00","1","13"
339,"roller rink kelowna",null,"10","$0.00","1","13"
340,"roller rink victoria",null,"10","$0.00","1","13"
341,"roller rink gold coast",null,"10","$0.00","1","5"
342,"roller rink pool",null,"10","$0.00","1","13"
343,"roller rinks scotland",null,"10","$0.00","1","13"
344,"roller rinks uk",null,"10","$0.00","1","13"
345,"roller rink horizon mall",null,"10","$0.00","1","5"
346,"roller rink kitchener",null,"10","$0.00","1","13"
347,"roller rink elkhart",null,"10","$0.00","1","13"
348,"roller rink cape town",null,"10","$0.00","1","5"
349,"roller rink horsham",null,"10","$0.00","1","13"
350,"roller rink leeds",null,"10","$0.00","1","13"
351,"roller rink newcastle",null,"10","$0.00","1","13"
352,"roller rink westwood",null,"10","$0.00","1","13"
353,"roller rink halifax",null,"10","$0.00","1","13"
354,"roller rink geelong",null,"10","$0.00","1","13"
355,"roller skate 1st avenue",null,"10","$0.00","1","5"
356,"roller skate 1 utama",null,"10","$0.00","1","5"
357,"skating rink 1960",null,"10","$0.00","1","14"
358,"roller skate 3d model free",null,"10","$0.00","1","5"
359,"roller rink bear creek",null,"10","$0.00","1","5"
360,"roller rink in spanish",null,"10","$0.00","1","5"
361,"roller skate zombie pvz 2",null,"10","$0.00","1","5"
362,"roller rink definition",null,"10","$0.00","1","13"
363,"roller rink union",null,"10","$0.00","1","13"
364,"roller rink idaho falls",null,"10","$0.00","1","5"
365,"roller rink thomasville ga",null,"10","$0.00","1","5"
366,"roller rink kent",null,"10","$0.00","3","14"
367,"roller rink eleven",null,"10","$0.00","1","13"
368,"roller rink kelis",null,"10","$0.00","1","13"
369,"roller rink tyler tx",null,"10","$0.00","2","6"
370,"roller rink 309",null,"0","$0.00","1","12"
371,"roller rink 2000",null,"0","$0.00","1","12"
372,"roller rink 1990s",null,"0","$0.00","1","12"
373,"roller rink 2nd and pch",null,"0","$0.00","1","4"
374,"roller rink 23 van dyke",null,"0","$0.00","1","4"
375,"roller rink 3d model",null,"0","$0.00","1","4"
376,"roller rink 50s",null,"0","$0.00","1","12"
377,"roller rink 60s",null,"0","$0.00","1","12"
378,"roller rink hwy 6",null,"0","$0.00","1","4"
379,"roller rink 80s night",null,"0","$0.00","1","4"
380,"roller rink 8 mile",null,"0","$0.00","1","4"
381,"roller rink 87th",null,"0","$0.00","1","12"
382,"roller rink 80s songs",null,"0","$0.00","1","4"
383,"roller rink music 90s",null,"0","$0.00","1","4"
384,"roller skating rink 90s",null,"0","$0.00","1","4"
385,"roller rink carpet 90s",null,"0","$0.00","1","4"
386,"roller rink evansville",null,"0","$0.00","1","12"
387,"roller rink joplin mo",null,"0","$0.00","1","4"
388,"roller rink johnson city tn",null,"0","$0.00","1","4"
389,"roller rink kissimmee",null,"0","$0.00","1","12"
390,"roller rink quad cities",null,"0","$0.00","1","4"
391,"roller rink quebec",null,"0","$0.00","1","12"
392,"roller rink qatar",null,"0","$0.00","1","12"
393,"roller rink quotes",null,"0","$0.00","1","12"
394,"roller rink qld",null,"0","$0.00","1","12"
395,"roller rink union mo",null,"0","$0.00","1","4"
396,"roller rink umhlanga pearls",null,"0","$0.00","1","4"
397,"roller rink vernon ct",null,"0","$0.00","1","4"
398,"roller rink vero beach",null,"0","$0.00","1","4"
399,"roller rink vermont",null,"0","$0.00","1","12"
400,"roller rink xanadu",null,"0","$0.00","1","12"
401,"roller rink yonkers",null,"0","$0.00","1","12"
402,"roller rink yuma az",null,"0","$0.00","1","4"
403,"roller rink youtube",null,"0","$0.00","1","12"
404,"roller rink yarn",null,"0","$0.00","1","12"
405,"roller rink york ne",null,"0","$0.00","1","4"
406,"roller rink ymca",null,"0","$0.00","1","12"
407,"roller rink ypsilanti mi",null,"0","$0.00","1","4"
408,"roller rink yukon",null,"0","$0.00","1","12"
409,"roller rink yukon ok",null,"0","$0.00","1","4"
410,"roller rink yyc",null,"0","$0.00","1","12"
411,"roller rink zanesville ohio",null,"0","$0.00","1","4"
412,"roller rink zanesville",null,"0","$0.00","1","12"
413,"roller rink zamboni",null,"0","$0.00","1","12"
414,"roller rink zurich",null,"0","$0.00","1","12"
415,"roller rink zimmerman mn",null,"0","$0.00","1","4"
416,"roller skating 02",null,"0","$0.00","1","12"
417,"roller skating 01",null,"0","$0.00","1","12"
418,"roller skating 1st avenue",null,"0","$0.00","1","4"
419,"roller skating 1990s",null,"0","$0.00","1","12"
420,"roller skating 101 corinth",null,"0","$0.00","1","4"
421,"roller skating 2025",null,"0","$0.00","1","12"
422,"roller skating 24 hour",null,"0","$0.00","1","4"
423,"roller skating 280",null,"0","$0.00","1","12"
424,"roller skating 2 year old",null,"0","$0.00","1","4"
425,"roller skating 2000s",null,"0","$0.00","1","12"
426,"roller skating 2 in 1",null,"0","$0.00","1","4"
427,"roller skating 21 and over",null,"0","$0.00","1","4"
428,"roller skating 253",null,"0","$0.00","1","12"
429,"roller skating 3 year old",null,"0","$0.00","1","4"
430,"roller skating 309",null,"0","$0.00","1","12"
431,"roller skating 3 wheels",null,"0","$0.00","1","4"
432,"roller skating 3 turn",null,"0","$0.00","1","4"
433,"roller skating 3d model",null,"0","$0.00","1","4"
434,"roller skating 377",null,"0","$0.00","1","12"
435,"roller skating 309 pa",null,"0","$0.00","1","4"
436,"roller skating rink 3d model",null,"0","$0.00","1","4"
437,"roller skating 4 year old",null,"0","$0.00","1","4"
438,"roller skating 4",null,"0","$0.00","1","12"
439,"roller skating 5 year old",null,"0","$0.00","1","4"
440,"roller skating 50s",null,"0","$0.00","1","12"
441,"roller skating 5k",null,"0","$0.00","1","12"
442,"roller skating 60s",null,"0","$0.00","1","12"
443,"roller skating 6 year old",null,"0","$0.00","1","4"
444,"roller skating 6th birthday",null,"0","$0.00","1","4"
445,"roller skating rinks in the 60s",null,"0","$0.00","1","4"
446,"roller skating 70s and 80s",null,"0","$0.00","1","4"
447,"roller skating 70s songs",null,"0","$0.00","1","4"
448,"roller skating 70s movie",null,"0","$0.00","1","4"
449,"roller skating 7 year old",null,"0","$0.00","1","4"
450,"roller skating 71",null,"0","$0.00","1","12"
451,"roller skating 76244",null,"0","$0.00","1","12"
452,"roller skating 77084",null,"0","$0.00","1","12"
453,"roller skating 8th birthday",null,"0","$0.00","1","4"
454,"roller skating 8 mile",null,"0","$0.00","1","4"
455,"roller skating 80s songs",null,"0","$0.00","1","4"
456,"roller skating 8 year old",null,"0","$0.00","1","4"
457,"roller skating 90s movie",null,"0","$0.00","1","4"
458,"roller skating 90's music",null,"0","$0.00","1","4"
459,"roller skating 90s songs",null,"0","$0.00","1","4"
460,"roller skating 90s doll",null,"0","$0.00","1","4"
461,"roller rink umhlanga contact number",null,"0","$0.00","1","4"
462,"roller skating xbox",null,"0","$0.00","1","12"
463,"roller skating xtreme",null,"0","$0.00","1","12"
464,"roller skating xmas",null,"0","$0.00","1","12"
465,"roller skating zimbabwe",null,"0","$0.00","1","12"
466,"roller skating zephyrhills",null,"0","$0.00","1","12"
467,"roller skating zahia",null,"0","$0.00","1","12"
468,"roller skating zone",null,"0","$0.00","1","12"
469,"roller skating zimmerman mn",null,"0","$0.00","1","4"
470,"roller skating zionsville",null,"0","$0.00","1","12"
471,"roller skating zahia city center",null,"0","$0.00","1","4"
472,"roller rinks san jose",null,"0","$0.00","1","4"
473,"roller rink archies trafford centre",null,"0","$0.00","1","4"
474,"roller rink jackson mi",null,"0","$0.00","1","4"
475,"roller rinks yorkshire",null,"0","$0.00","1","12"
476,"roller rink at trafford centre",null,"0","$0.00","1","4"
477,"roller rinks birmingham",null,"0","$0.00","1","12"
478,"roller rinks dc",null,"0","$0.00","1","12"
479,"roller rink portadown",null,"0","$0.00","1","12"
480,"roller rinks open late",null,"0","$0.00","1","4"
481,"sacramento roller rink 701 k st",null,"0","$0.00","1","4"
482,"roller rink queensbury",null,"0","$0.00","1","12"
483,"roller rink at new horizon mall",null,"0","$0.00","1","4"
484,"roller rink aloha",null,"0","$0.00","1","12"
485,"roller rinks open now",null,"0","$0.00","1","4"
486,"roller rinks cincinnati ohio",null,"0","$0.00","1","4"
487,"roller rink ypsilanti",null,"0","$0.00","1","12"
488,"roller rinks open tomorrow",null,"0","$0.00","1","4"
489,"roller rinks that are open near me",null,"0","$0.00","1","4"
490,"roller skating 46410",null,"0","$0.00","1","12"
491,"roller rinks near",null,"0","$0.00","1","12"
492,"roller rink rainbow",null,"0","$0.00","1","12"
493,"roller rink umhlanga entrance fee",null,"0","$0.00","1","4"
494,"roller skating 90s outfit",null,"0","$0.00","1","4"
495,"roller skating rinks within 5 mi",null,"0","$0.00","1","4"
496,"roller rinks maryland",null,"0","$0.00","1","12"
497,"roller rinks okc",null,"0","$0.00","1","12"
498,"roller rink music 70's",null,"0","$0.00","1","4"
499,"roller rinks fort worth",null,"0","$0.00","1","4"
500,"roller rink amanda",null,"0","$0.00","1","12"
501,"roller rink lane 7",null,"0","$0.00","1","4"
502,"roller skating 757",null,"0","$0.00","1","12"
503,"roller rinks near me outdoor",null,"0","$0.00","1","4"
504,"roller rinks miami",null,"0","$0.00","1","12"
505,"roller rinks el paso",null,"0","$0.00","1","4"
506,"roller rink at oaks park",null,"0","$0.00","1","4"
507,"roller rinks outdoor",null,"0","$0.00","1","12"
508,"roller rinks for sale near me",null,"0","$0.00","1","4"
509,"roller rinks utah",null,"0","$0.00","1","12"
510,"roller rink 77077",null,"0","$0.00","1","12"
511,"roller rink rooftop sf",null,"0","$0.00","1","4"
512,"roller rinks milwaukee",null,"0","$0.00","1","12"
513,"roller rinks kent",null,"0","$0.00","1","12"
514,"roller rinks vegas",null,"0","$0.00","1","12"
515,"roller rinks kansas city",null,"0","$0.00","1","4"
516,"roller rinks san francisco",null,"0","$0.00","1","4"
517,"roller rinks 80s",null,"0","$0.00","1","12"
518,"roller rinks edinburgh",null,"0","$0.00","1","12"
519,"roller skating 8",null,"0","$0.00","1","12"
520,"roller rinks grand rapids mi",null,"0","$0.00","1","4"
521,"roller rinks iowa",null,"0","$0.00","1","12"
522,"roller rinks kalamazoo",null,"0","$0.00","1","12"
523,"roller rinks fort myers",null,"0","$0.00","1","4"
524,"roller rinks usa",null,"0","$0.00","1","12"
525,"roller rinks madison wi",null,"0","$0.00","1","4"
526,"roller rinks 1960s",null,"0","$0.00","1","12"
527,"roller rinks open tonight",null,"0","$0.00","1","4"
528,"roller rinks brisbane",null,"0","$0.00","1","12"
529,"roller rinks in conroe",null,"0","$0.00","1","4"
530,"roller rinks maine",null,"0","$0.00","1","12"
531,"roller rink within 5 mi",null,"0","$0.00","1","4"
532,"roller rinks cleveland ohio",null,"0","$0.00","1","4"
533,"roller rink port elizabeth",null,"0","$0.00","1","4"
534,"roller rinks in cedar rapids",null,"0","$0.00","1","4"
535,"roller rinks that are open today",null,"0","$0.00","1","4"
536,"roller rinks essex",null,"0","$0.00","1","12"
537,"roller rinks krakow",null,"0","$0.00","1","12"
538,"roller rinks grand rapids",null,"0","$0.00","1","4"
539,"roller rink sims 4 cc",null,"0","$0.00","1","4"
540,"roller rinks brooklyn",null,"0","$0.00","1","12"
541,"roller rinks open on mondays",null,"0","$0.00","1","4"
542,"roller rinks dfw",null,"0","$0.00","1","12"
543,"roller rinks perth",null,"0","$0.00","1","12"
544,"skating rink 08081",null,"0","$0.00","1","12"
545,"roller rink o'connor",null,"0","$0.00","1","12"
546,"roller rink orange park",null,"0","$0.00","1","4"
547,"roller rink on 87th",null,"0","$0.00","1","4"
548,"roller rink 1960",null,"0","$0.00","1","12"
549,"skating rink 1980s",null,"0","$0.00","1","12"
550,"roller skate 1000",null,"0","$0.00","1","12"
551,"roller skate 1st avenue penang",null,"0","$0.00","1","4"
552,"roller skate 1980s",null,"0","$0.00","1","12"
553,"skating rink 163",null,"0","$0.00","1","12"
554,"skating rink 23rd and market",null,"0","$0.00","1","4"
555,"skating rink 24 hours",null,"0","$0.00","1","4"
556,"skating rink 2000",null,"0","$0.00","1","12"
557,"skating rink 247 macon ga",null,"0","$0.00","1","4"
558,"roller skate 2025",null,"0","$0.00","1","12"
559,"roller skate 2 year old",null,"0","$0.00","1","4"
560,"roller skate 3d print",null,"0","$0.00","1","4"
561,"roller skate 3 year old",null,"0","$0.00","1","4"
562,"skating rink 3 fountains",null,"0","$0.00","1","4"
563,"skating rink 3d model",null,"0","$0.00","1","4"
564,"skating rink 3d warehouse",null,"0","$0.00","1","4"
565,"skating rink 377",null,"0","$0.00","1","12"
566,"roller skate 3 in 1",null,"0","$0.00","1","4"
567,"roller skate 4 year old",null,"0","$0.00","1","4"
568,"skating rink 45 north",null,"0","$0.00","1","4"
569,"roller skate 45",null,"0","$0.00","1","12"
570,"roller skate 43",null,"0","$0.00","1","12"
571,"45 skating rink",null,"0","$0.00","1","12"
572,"skating rink 4 letters",null,"0","$0.00","1","4"
573,"roller rink for kids",null,"0","$0.00","1","4"
574,"roller rink for kids near me",null,"0","$0.00","1","4"
575,"roller rink for sale in michigan",null,"0","$0.00","1","4"
576,"roller skate 5 year old",null,"0","$0.00","1","4"
577,"roller skate 5k",null,"0","$0.00","1","12"
578,"roller skate 500",null,"0","$0.00","1","12"
579,"roller skate 5",null,"0","$0.00","1","12"
580,"skating rink 5th ward",null,"0","$0.00","1","4"
581,"roller skate 50s",null,"0","$0.00","1","12"
582,"roller rink white pines",null,"0","$0.00","1","4"
583,"roller rink west seneca",null,"0","$0.00","1","4"
584,"roller skate 6 year old",null,"0","$0.00","1","4"
585,"roller skate 6",null,"0","$0.00","1","12"
586,"roller skate with 6 wheels",null,"0","$0.00","1","4"
587,"roller skate 60s",null,"0","$0.00","1","12"
588,"skating rink 63128",null,"0","$0.00","1","12"
589,"roller rink grant ne",null,"0","$0.00","1","4"
590,"skating rink 71st",null,"0","$0.00","1","12"
591,"skating rink 77015",null,"0","$0.00","1","12"
592,"roller skate 70s song",null,"0","$0.00","1","4"
593,"skating rink 77090",null,"0","$0.00","1","12"
594,"roller skate 7 year old",null,"0","$0.00","1","4"
595,"skating rink 77044",null,"0","$0.00","1","12"
596,"skating rink 77070",null,"0","$0.00","1","12"
597,"skating rink 77073",null,"0","$0.00","1","12"
598,"skating rink 77089",null,"0","$0.00","1","12"
599,"skating rink 77373",null,"0","$0.00","1","12"
600,"roller skate 80s outfit",null,"0","$0.00","1","4"
601,"skating rink 8 mile",null,"0","$0.00","1","4"
602,"roller skate 88",null,"0","$0.00","1","12"
603,"roller skate 8",null,"0","$0.00","1","12"
604,"skating rink 80's music",null,"0","$0.00","1","4"
605,"roller skate 80s songs",null,"0","$0.00","1","4"
606,"skating rink 90s",null,"0","$0.00","1","12"
607,"skating rink 90s music",null,"0","$0.00","1","4"
608,"roller skate 91",null,"0","$0.00","1","12"
609,"roller skate 90s movie",null,"0","$0.00","1","4"
610,"skating rink 90s songs",null,"0","$0.00","1","4"
611,"roller rink eugene oregon",null,"0","$0.00","1","4"
612,"roller rink glenview",null,"0","$0.00","1","12"
613,"roller rink iowa city",null,"0","$0.00","1","4"
614,"roller rink kihei",null,"0","$0.00","1","12"
615,"roller rink puyallup",null,"0","$0.00","1","12"
616,"roller rink richland",null,"0","$0.00","1","12"
617,"roller rink stamford mall",null,"0","$0.00","1","4"
618,"roller rink titusville pa",null,"0","$0.00","1","4"
619,"roller rink upper hutt",null,"0","$0.00","1","4"
620,"roller rink vernal",null,"0","$0.00","1","12"
621,"roller skate xanadu",null,"0","$0.00","1","12"
622,"skating rink xanadu",null,"0","$0.00","1","12"
623,"roller skate xilonen",null,"0","$0.00","1","12"
624,"skating rink xenia ohio",null,"0","$0.00","1","4"
625,"roller skate xbox",null,"0","$0.00","1","12"
626,"roller skate x",null,"0","$0.00","1","12"
627,"roller skate xmas eve",null,"0","$0.00","1","4"
628,"roller skate xy",null,"0","$0.00","1","12"
629,"xanadu roller rink hours",null,"0","$0.00","1","4"
630,"xanadu roller rink bushwick brooklyn",null,"0","$0.00","1","4"
631,"roller rink yorkshire",null,"0","$0.00","1","12"
632,"roller skate zombie",null,"0","$0.00","1","12"
633,"skating rink zurich",null,"0","$0.00","1","12"
634,"roller skate zurich",null,"0","$0.00","1","12"
635,"roller skate zone prices",null,"0","$0.00","1","4"
636,"roller skate zone near me",null,"0","$0.00","1","4"
637,"skating rink zephyrhills fl",null,"0","$0.00","1","4"
638,"roller rink halloween",null,"0","$0.00","1","12"
639,"roller rink winston salem",null,"0","$0.00","1","4"
640,"roller rink hastings mi",null,"0","$0.00","1","4"
641,"roller rink williamstown ky",null,"0","$0.00","1","4"
642,"roller rink yeg",null,"0","$0.00","1","12"
643,"roller rink wilkes barre pa",null,"0","$0.00","1","4"
644,"roller rink grand rapids mi",null,"0","$0.00","1","4"
645,"roller rink plainfield",null,"0","$0.00","1","12"
646,"roller rink hanover pa",null,"0","$0.00","1","4"
647,"roller rink huntington beach",null,"0","$0.00","1","4"
648,"roller rink chico",null,"0","$0.00","1","12"
649,"roller rink downtown phoenix",null,"0","$0.00","1","4"
650,"roller skate 41",null,"0","$0.00","1","12"
651,"roller rink in san francisco",null,"0","$0.00","1","4"
652,"roller rink high ridge mo",null,"0","$0.00","1","4"
653,"roller rink grapevine",null,"0","$0.00","1","12"
654,"roller rink lebanon mo",null,"0","$0.00","1","4"
655,"roller rink kimberly wi",null,"0","$0.00","1","4"
656,"roller rink easley sc",null,"0","$0.00","1","4"
657,"roller rink harrisonburg va",null,"0","$0.00","1","4"
658,"roller rink east bay",null,"0","$0.00","1","4"
659,"roller rink jersey",null,"0","$0.00","1","12"
660,"roller rink for sale near me",null,"0","$0.00","1","4"
661,"biggest roller rink in us",null,"0","$0.00","1","4"
